-106.174065,-113.9119924,-0.022663302,-109.13756,-125.6759766,-0.023115569
-119.05352,-113.9119924,-0.022663302,-97.42347,-117.2960884,-0.023015067
-96.318825,-111.1186963,-0.022512548,-101.2825,-112.6405949,-0.022864313
-98.48167,-111.1186963,-0.022311543,-105.83393,-115.433891,-0.022713559
-128.76567,-123.2229793,-0.022211041,-122.13261,-119.1582858,-0.022613057
-97.53271,-112.2363788,-0.022060287,-96.18522,-115.433891,-0.022462303
-104.62639,-106.4632028,-0.021909533,-95.42261,-111.7094962,-0.022261298
-102.13593,-114.1732097,-0.021758779,-118.16052,-113.5716936,-0.022110544
-101.51122,-111.1186963,-0.021608026,-119.175186,-111.7094962,-0.022010042
-100.79198,-111.1186963,-0.021457272,-93.48495,-111.7094962,-0.021859288
-100.07495,-108.3254002,-0.021306518,-92.73348,-109.8472988,-0.021658283
-99.35533,-111.1186963,-0.021155764,-124.59752,-109.8472988,-0.02155778
-98.67524,-104.1177079,-0.02100501,-92.449104,-107.0540027,-0.021407026
-98.01226,-105.5321041,-0.020854257,-90.74501,-107.0540027,-0.021206021
-97.34941,-110.1875976,-0.020703503,-113.66771,-107.9851014,-0.021055268
-96.685616,-103.6699067,-0.020552749,-114.734436,-106.122904,-0.020954765
-96.02275,-101.8077093,-0.020401995,-85.2178,-103.3296079,-0.02075376
-95.35804,-103.6699067,-0.020251242,-112.3073,-103.3296079,-0.020603006
-94.693016,-104.6010054,-0.020100488,-93.68119,-105.1918053,-0.020452253
-94.02887,-99.7234317,-0.019949734,-93.7473,-102.3985092,-0.020301499
-93.362434,-97.15221584,-0.01979898,-92.8917,-99.60521313,-0.020150745
-84.16168,-100.8766106,-0.019597975,-92.163246,-100.5363118,-0.019999991
-108.51773,-100.9867406,-0.019447222,-91.42809,-100.5363118,-0.019849238
-90.42374,-96.22111715,-0.019296468,-90.68859,-98.67411444,-0.019698484
-81.83605,-96.18562072,-0.019095463,-89.95212,-96.81191704,-0.01954773
-103.970024,-95.29183878,-0.019095463,-80.518715,-96.81191704,-0.019346725
-82.61414,-96.22111715,-0.018944709,-105.20586,-96.81191704,-0.019195971
-81.81869,-95.29001845,-0.018743704,-86.87553,-94.94971965,-0.019045217
-86.49185,-93.42782106,-0.018542699,-78.10133,-94.01862095,-0.018844212
-101.79116,-93.57890843,-0.018391945,-102.70985,-93.08752226,-0.018693459
-76.88091,-90.63452497,-0.01819094,-84.254364,-92.15642356,-0.018542705
-84.15564,-89.70342627,-0.017989935,-75.48795,-91.22532486,-0.0183417
-81.70238,-88.77232758,-0.01778893,-100.17959,-91.22532486,-0.018190946
-98.2268,-88.77232758,-0.017638176,-73.0891,-89.36312747,-0.017989941
-73.029625,-87.84122888,-0.017437171,-98.51179,-87.50093008,-0.017839187
-80.244804,-87.84122888,-0.017236166,-71.23894,-87.50093008,-0.017638182
-77.79211,-86.91013018,-0.017035161,-78.66537,-86.56983138,-0.017437177
-94.44896,-83.1857354,-0.016884407,-93.891624,-85.63873269,-0.017286423
-69.11703,-81.323538,-0.016683402,-68.50964,-83.77653529,-0.017085418
-76.32505,-81.323538,-0.016482397,-75.95859,-83.54444324,-0.016884413
-82.94594,-81.323538,-0.0163117,-91.281296,-82.8454366,-0.01673366
-71.390724,-80.39243931,-0.016130639,-65.80084,-80.9832392,-0.016532655
-69.3942,-79.46134061,-0.015929634,-73.2428,-80.05214051,-0.01633165
-89.83283,-79.46134061,-0.01577888,-88.66463,-79.12104181,-0.016180896
-63.653152,-75.73694583,-0.015577875,-63.089977,-78.18994311,-0.015979891
-70.90043,-77.59914322,-0.01537687,-70.42908,-77.25884442,-0.015778886
-86.39394,-74.95147351,-0.015226116,-85.80951,-76.32774572,-0.015628132
-60.9503,-73.98305806,-0.015025111,-59.95518,-75.39664702,-0.015427127
-86.53079,-72.94364974,-0.014874357,-85.66901,-74.46554833,-0.015276373
-59.012516,-72.94364974,-0.014673352,-57.862637,-73.53444963,-0.015075368
-83.19161,-72.94364974,-0.014673352,-65.121925,-72.60335094,-0.014874363
-61.02038,-72.01255104,-0.014522598,-80.66658,-71.67225224,-0.014723609
-59.57227,-70.15035365,-0.014325818,-54.66912,-70.74115354,-0.014522604
-78.35607,-69.21925495,-0.01417084,-80.50448,-69.81005485,-0.014371851
-64.141815,-69.21925495,-0.014020086,-52.634136,-68.87895615,-0.014170846
-54.54573,-67.35705756,-0.013819081,-78.62296,-67.94785745,-0.014020092
-79.59509,-66.42595886,-0.013668327,-50.751755,-67.01675876,-0.013819087
-60.32051,-66.42595886,-0.013517573,-76.78379,-66.08566006,-0.013668333
-51.76673,-66.42595886,-0.013316568,-48.869843,-65.15456136,-0.013467328
-76.795746,-64.56376147,-0.013165814,-74.943306,-64.22346267,-0.013316574
-57.526096,-64.00947104,-0.013015061,-55.403206,-63.29236397,-0.01316582
-51.922684,-62.70156407,-0.012836406,-46.839157,-62.36126527,-0.012964815
-57.654568,-60.83936668,-0.012663302,-72.214424,-61.43016658,-0.012814062
-61.457817,-59.90826799,-0.012512548,-44.29146,-60.49906788,-0.012613057
-54.20334,-59.38219267,-0.012361794,-70.403275,-59.56796918,-0.012462303
-54.082954,-58.97716929,-0.012211041,-50.690514,-58.63687049,-0.012311549
-44.739666,-58.97716929,-0.012010036,-42.132782,-57.70577179,-0.012110544
-69.99605,-58.04607059,-0.011859282,-67.54479,-56.7746731,-0.01195979
-50.49491,-58.97716929,-0.011708528,-47.868385,-55.8435744,-0.011809037
-50.599083,-56.1838732,-0.011557774,-39.32575,-54.9124757,-0.011608032
-49.65329,-54.32167581,-0.011407021,-64.77816,-53.98137701,-0.011457278
-48.819695,-54.17786975,-0.011256267,-45.02373,-53.98137701,-0.011306524
-39.509098,-52.45947841,-0.011055262,-36.523262,-52.11917961,-0.011105519
-64.791115,-52.45947841,-0.010904508,-62.069244,-51.18808092,-0.010954765
-45.1198,-51.52837972,-0.010753754,-42.298862,-51.18808092,-0.010804011
-63.840405,-51.52837972,-0.010753754,-42.484623,-50.25698222,-0.010653258
-39.786934,-51.52837972,-0.010603,-33.01585,-49.32588352,-0.010452253
-46.120644,-51.52837972,-0.010452247,-58.726933,-48.39478483,-0.010301499
-34.73083,-49.66618232,-0.010251242,-38.85172,-47.46368613,-0.010150745
-60.42331,-48.73508363,-0.010100488,-39.055935,-46.53258743,-0.009999991
-40.68623,-47.80398493,-0.009949734,-38.158188,-45.60148874,-0.009849238
-32.53227,-45.94178754,-0.009748729,-28.850927,-44.67039004,-0.009648233
-57.837494,-44.34626846,-0.009597975,-54.59394,-43.73929134,-0.009497479
-30.036432,-44.07959015,-0.00939697,-34.61473,-43.73929134,-0.009346725
-56.11197,-44.07959015,-0.009246217,-34.84988,-41.87709395,-0.009195971
-28.202759,-44.07959015,-0.009045211,-25.479002,-40.94599526,-0.008994966
-35.11816,-42.21739275,-0.008844206,-51.26133,-40.94599526,-0.008844212
-51.6665,-39.87735879,-0.008693453,-31.19611,-40.01489656,-0.008693459
-25.397717,-39.42409666,-0.008492448,-31.45019,-39.08379786,-0.008542705
-32.238873,-38.08979491,-0.008291443,-22.124321,-38.15269917,-0.0083417
-48.876625,-37.56189927,-0.008140689,-47.924862,-37.22160047,-0.008190946
-22.570894,-36.63080057,-0.007939684,-27.776512,-36.29050177,-0.008040192
-29.36597,-36.63080057,-0.007738679,-28.042217,-35.35940308,-0.007889439
-46.08661,-35.69970188,-0.007587925,-18.726646,-34.42830438,-0.007688434
-19.746586,-34.76860318,-0.00738692,-44.51192,-33.49720568,-0.00753768
-26.49325,-31.97530709,-0.007185915,-24.257036,-33.49720568,-0.007386926
-43.28604,-31.04420839,-0.007035161,-16.161789,-31.63500829,-0.007185921
-16.87966,-30.1131097,-0.006834156,-41.838287,-30.70390959,-0.007035167
-42.98022,-30.1131097,-0.006683402,-21.53574,-29.7728109,-0.006884413
-14.977978,-29.182011,-0.006482397,-13.494836,-28.8417122,-0.006683408
-41.082085,-29.182011,-0.006482397,-19.55364,-27.91061351,-0.006482403
-18.065292,-29.182011,-0.006331644,-36.635452,-26.97951481,-0.00633165
-14.814405,-28.25091231,-0.006130639,-17.789017,-26.04841611,-0.006180896
-38.85117,-27.31981361,-0.005979885,-9.8434925,-25.11731742,-0.005979891
-11.2637415,-25.45761622,-0.00577888,-15.863725,-24.18621872,-0.005778886
-37.408054,-23.59541882,-0.005628126,-33.067017,-23.25512002,-0.005628132
-9.43261,-24.52651752,-0.005427121,-14.122342,-22.32402133,-0.005477378
-35.59622,-22.66432013,-0.005276367,-6.2558627,-21.39292263,-0.005276373
-7.6486263,-21.73322143,-0.005075362,-12.201469,-20.46182393,-0.005075368
-29.604311,-21.73322143,-0.00491641,-29.498264,-19.53072524,-0.004924614
-10.936681,-20.80212273,-0.004748729,-4.11555,-18.59962654,-0.004738685
-12.370456,-20.80212273,-0.004577875,-11.302713,-17.66852784,-0.00455778
-12.549156,-19.87102404,-0.004409477,-7.872691,-16.73742915,-0.004376242
-11.003876,-18.00882664,-0.004241191,-12.185987,-15.80633045,-0.004211047
-10.84037,-16.14662925,-0.004075362,-2.6930828,-14.87523175,-0.004027254
-8.873417,-15.21553056,-0.003907568,-6.1179843,-13.94413306,-0.003844212
-8.286853,-14.28443186,-0.003738679,-4.947435,-13.01303436,-0.003663308
-8.427261,-14.28443186,-0.00357285,-9.846164,-12.08193567,-0.003502504
-6.7593937,-13.35333316,-0.003407021,1.1629211,-11.15083697,-0.003321599
-7.0537405,-12.42223447,-0.003245057,-2.4481328,-10.21973827,-0.003140695
-4.301289,-12.42223447,-0.003079429,-7.262361,-9.288639576,-0.002979891
-4.449954,-11.49113577,-0.002913802,3.7469327,-8.357540879,-0.002798986
-2.3841288,-11.49113577,-0.002743704,-1.2190387,-7.426442183,-0.002623107
-3.695242,-9.563406503,-0.002577875,2.7309253,-6.495343487,-0.002442202
-1.602027,-7.766740983,-0.002412046,-6.113715,-5.56424479,-0.002286423
-21.164223,-7.766740983,-0.002412046,7.808115,-5.059103269,-0.002105519
2.4515505,-6.835642287,-0.002241191,2.0553753,-4.633146094,-0.00192964
-2.1146095,-6.835642287,-0.002075362,-1.5147212,-2.770948701,-0.001773861
2.5102518,-5.90454359,-0.001904508,9.457035,-1.839850004,-0.001597981
2.5933514,-5.90454359,-0.001729483,5.8544683,-0.908751308,-0.001422102
1.7868805,-3.306932955,-0.001557774,7.4057455,0.022347389,-0.001246222
4.5592966,-4.042346198,-0.001381895,1.830905,0.953446085,-0.001090444
4.366989,-1.249050108,-0.001206016,12.72971,0.953446085,-0.000916509
5.3481846,-0.317951412,-0.001030136,9.144373,1.884544782,-0.00074371
7.3623266,-0.317951412,-0.000849232,10.396467,2.815643478,-0.000572856
6.697075,0.613147285,-0.00067039,7.5378256,3.746742175,-0.000415784
8.554129,1.124659961,-0.000490388,15.620878,4.677840871,-0.0002437
9.319831,2.475344678,-0.00030978,12.863414,5.608939567,-7.22E-05
10.165957,3.406443374,-0.000129162,9.038473,6.540038264,8.24E-05
11.140972,4.337542071,5.15E-05,18.619658,7.47113696,0.000253962
12.055826,7.13083816,0.000232064,15.465111,8.402235657,0.000424837
12.97812,7.13083816,0.000412426,17.63991,9.333334353,0.000597999
14.01292,7.13083816,0.000592979,10.456129,9.467128594,0.000748752
15.005268,8.061936856,0.000773884,23.16471,11.19553175,0.000922525
14.627856,8.061936856,0.000949763,18.105734,12.12663044,0.001091994
17.955074,8.993035553,0.001130668,21.960108,13.05772914,0.00126634
16.420053,9.924134249,0.001306547,13.64305,13.05772914,0.001417094
18.739925,12.61640203,0.001482427,26.779716,14.43389847,0.00159035
19.5433,12.71743034,0.001658306,23.045662,14.91992653,0.001763828
20.489677,14.57962773,0.001834186,19.013414,15.85102523,0.001919607
0.4758153,14.57962773,0.001834186,28.49186,16.78212393,0.002090461
23.79708,15.51072643,0.002010065,27.119581,17.71322262,0.00226634
21.752316,15.51072643,0.002185944,26.104988,18.64432132,0.002437195
22.518888,15.51072643,0.002356799,25.588818,19.57542001,0.002597999
25.253849,16.44182512,0.002531813,32.28776,20.50651871,0.002773878
24.339571,17.17541804,0.002703532,30.040997,21.43761741,0.002949757
26.008522,19.23512121,0.002874387,24.978434,22.3687161,0.003105536
27.083021,19.23512121,0.003045241,36.521805,23.2998148,0.003285041
28.020243,21.09731861,0.003216095,32.331116,24.2309135,0.00346232
27.665825,22.959516,0.003381924,34.11092,25.16201219,0.0036382
31.016172,22.959516,0.003552778,30.839647,26.09311089,0.003799004
30.742695,22.959516,0.003723633,39.89851,27.02420959,0.003979908
30.523443,22.959516,0.003889462,36.931458,27.95530828,0.004160813
33.852104,24.82171339,0.004060316,37.258507,28.88640698,0.004337031
32.843742,24.82171339,0.004228292,36.37046,29.81750568,0.004502521
34.78117,25.75281209,0.004397,42.72316,30.74860437,0.004680994
35.981743,27.61500948,0.004567854,40.880184,31.67970307,0.004859305
36.47044,29.47720688,0.004738708,38.65384,32.61080176,0.005024957
36.53964,29.47720688,0.004905878,48.499115,33.54190046,0.005226139
38.90696,29.47720688,0.005075392,24.272154,34.47299916,0.005376893
33.235855,30.40830557,0.005226145,51.60783,35.40409785,0.005577898
46.410614,31.33940427,0.00542715,26.212769,36.33519655,0.005728652
21.763355,32.27050296,0.005577904,47.218536,37.26629525,0.005879406
48.71564,32.27050296,0.005778909,53.661686,38.19739394,0.006080411
23.731829,35.06379905,0.005929663,49.274002,39.12849264,0.006281416
22.510607,35.06379905,0.005929663,31.062397,40.05959134,0.00643217
46.225365,35.99489775,0.006130668,57.198048,40.99069003,0.006633175
52.296772,37.85709514,0.006381924,31.879131,41.92178873,0.006783928
11.155704,37.85709514,0.006532678,58.91983,42.85288743,0.006984933
53.902206,37.85709514,0.006733683,33.620686,43.78398612,0.007135687
29.098803,38.78819384,0.006884437,60.5973,44.71508482,0.007336692
49.80731,40.65039123,0.007035191,35.35803,45.64618352,0.007487446
55.74023,41.58148993,0.007236196,62.272102,46.57728221,0.007688451
31.622755,42.83205651,0.007386949,37.093506,47.50838091,0.007839205
58.11222,44.13632281,0.007587954,63.920635,48.4394796,0.00804021
33.333996,45.30588471,0.007738708,38.767883,49.3705783,0.008190963
53.963856,45.30588471,0.007889462,65.50725,50.301677,0.008391968
59.78379,45.30588471,0.008090467,40.418297,51.23277569,0.008542722
35.80987,45.30588471,0.008241221,67.091286,52.16387439,0.008743727
62.141136,46.23698341,0.008442226,40.04526,52.16387439,0.008743727
37.493973,48.89193444,0.008592979,63.766758,53.09497309,0.008894481
58.048603,48.0991808,0.008743733,60.70887,54.02607178,0.009045235
63.7072,49.9613782,0.008944738,68.910484,54.02607178,0.00924624
39.84563,51.82357559,0.009095492,44.43038,54.95717048,0.009396994
60.347404,52.05475748,0.009246246,70.94395,55.88826918,0.009597999
59.75821,52.75467429,0.009397,46.13414,56.81936787,0.009748752
66.665215,52.75467429,0.009598005,72.645546,57.75046657,0.009949757
42.879387,53.68577298,0.009748758,47.896385,58.68156527,0.010100511
63.345615,53.68577298,0.009899512,74.33707,60.54376266,0.010301516
68.88126,55.54797038,0.010100517,49.654472,60.54376266,0.01045227
45.27615,56.47906907,0.010251271,76.02614,61.47486136,0.010653275
65.76182,58.34126647,0.010402025,51.41231,62.40596005,0.010804029
65.22943,59.27236516,0.010552778,72.101166,63.33705875,0.010954783
65.96137,60.20346386,0.010703532,77.77368,64.26815744,0.011155788
72.76049,60.20346386,0.010904537,54.033146,65.19925614,0.011306541
49.266987,61.13456255,0.011055291,80.314095,66.13035484,0.011507546
69.69888,61.65699721,0.011206045,68.96167,67.06145353,0.011684502
75.118225,62.96126352,0.01140705,76.777306,67.99255223,0.011859305
51.756023,64.26552982,0.011557804,81.491035,68.92365093,0.01206031
72.20217,65.07921725,0.011708557,59.159153,69.85474962,0.012211064
71.75955,66.72115473,0.011859311,85.079254,70.78584832,0.012412069
78.492455,67.12617812,0.012060316,60.921482,71.71694702,0.012562823
55.297794,67.65225343,0.01221107,86.96751,72.64804571,0.012763828
75.7201,67.65225343,0.012361824,62.867756,73.57914441,0.012914582
81.09988,68.58335213,0.012562829,88.849,74.51024311,0.013115587
58.03637,70.44554952,0.012713582,64.82223,75.4413418,0.01326634
83.58506,70.44554952,0.012914588,90.72828,76.3724405,0.013467345
59.942406,72.30774691,0.013065341,66.77459,77.3035392,0.013618099
80.3185,74.16994431,0.013216095,92.60519,78.23463789,0.013819104
85.60105,75.101043,0.0134171,68.72614,79.16573659,0.013969858
62.717445,74.16994431,0.013567854,94.47972,80.09683528,0.014170863
83.035904,75.101043,0.013718608,73.7719,81.02793398,0.01432704
88.26942,75.101043,0.013919613,96.03001,81.95903268,0.014522622
65.48477,76.0321417,0.014070366,93.34282,82.89013137,0.014723627
90.75274,78.61609986,0.014271371,74.33572,83.82123007,0.014874381
67.412476,79.75653648,0.014422125,70.54254,83.82123007,0.014874381
87.67088,79.75653648,0.014572879,94.991104,84.75232877,0.015075386
92.809044,80.68763518,0.014773884,77.169975,85.68342746,0.015226139
70.23702,82.54983257,0.014924638,101.47283,86.61452616,0.015422871
90.46605,82.54983257,0.015075392,82.29149,87.54562486,0.015577898
90.115364,82.54983257,0.015226145,97.32363,88.47672355,0.015728652
96.46147,83.48093127,0.01542715,103.7081,89.40782225,0.015929657
73.99402,82.56712571,0.015577904,80.89511,90.33892095,0.016080411
94.15657,84.41202997,0.015728658,106.23587,91.27001964,0.016281416
99.212875,87.20532606,0.015929663,82.94694,92.20111834,0.01643217
76.877426,87.20532606,0.016080417,108.22558,93.13221703,0.016633175
96.98751,89.06752345,0.01623117,85.010994,94.06331573,0.016783928
102.004524,89.99862215,0.016432175,110.20862,94.99441443,0.016984933
79.78802,89.99862215,0.016582929,87.0744,95.92551312,0.017135687
99.85811,89.99862215,0.016733683,112.18967,96.85661182,0.017336692
99.54853,90.92972084,0.016884437,89.12519,97.78771052,0.017487446
105.69938,90.92972084,0.017085442,114.09102,98.71880921,0.017688451
83.59239,93.72301693,0.017236196,91.05964,99.64990791,0.017839205
103.58857,94.65411563,0.017386949,114.68632,100.5810066,0.018015158
108.48706,96.51631302,0.017587954,111.55305,101.5121053,0.018190963
86.51349,97.44741172,0.017738708,104.99249,102.443204,0.018341717
106.43363,97.44741172,0.017889462,118.298416,103.3743027,0.018542722
106.09255,97.44741172,0.018040216,95.760956,104.3054014,0.018693476
112.027756,97.81420817,0.018241221,120.435165,105.2365001,0.018894481
90.114296,99.30960911,0.018391974,97.68081,106.1675988,0.019045235
109.920845,100.2407078,0.018542728,122.087296,107.0986975,0.01924624
114.63191,101.1718065,0.018743733,99.25735,108.0297962,0.019396994
92.852036,103.0340039,0.018894487,123.57053,108.7249801,0.019597999
112.5965,103.9651026,0.019045241,120.00898,109.8919936,0.019799004
117.25881,104.8962013,0.019246246,102.109604,110.8230923,0.019949757
95.58708,104.8962013,0.019397,125.87433,111.754191,0.020150762
115.113625,105.4550425,0.019547753,103.273155,111.8874391,0.020301516
119.52094,105.8273,0.019748709,127.37592,113.6163884,0.020502521
97.85774,107.6894974,0.019899512,104.82034,114.5474871,0.020653275
117.25665,107.6894974,0.020050266,128.54674,114.5474871,0.02085428
121.629166,108.6205961,0.020251271,105.86999,116.4096844,0.021005034
100.02243,110.4827935,0.020402025,129.51198,116.4096844,0.021206039
119.41534,111.4093413,0.020552778,103.591835,116.4096844,0.021206039
123.73094,112.3449909,0.020753783,126.45045,117.3407831,0.021356793
102.23423,112.3449909,0.020904537,129.53307,119.2029805,0.021557798
121.4148,112.3449909,0.021055291,108.116,120.1340792,0.021708551
125.39553,112.3449909,0.021256296,131.43614,120.1340792,0.021909556
103.78962,114.2153797,0.02140705,109.0065,121.0651779,0.02206031
122.83154,115.6880266,0.021557804,132.32433,122.9273753,0.022261315
126.76693,116.0693856,0.021758809,109.61154,122.9273753,0.022412069
105.27136,117.931583,0.021909562,132.43088,123.858474,0.022613074
124.24272,118.8626817,0.022060316,109.798836,124.7895727,0.022763828
128.13498,118.8626817,0.022261321,128.5668,125.7206714,0.022914582
106.75,119.7937804,0.022412075,127.5842,125.7206714,0.023065335
125.52944,119.7937804,0.022562829,127.59902,126.6517701,0.023216089
124.55359,120.7248791,0.022713582,103.96722,125.7206714,0.023316592
128.96263,121.6559778,0.022914588,98.72374,124.7895727,0.023316592
107.33611,121.6559778,0.023065341,107.53161,124.7895727,0.02326634
102.60551,123.5181752,0.023165844,108.87794,124.7895727,0.023165838
128.65475,122.5870765,0.023316598,113.147934,124.7895727,0.023065335
93.03526,120.7248791,0.023366849,113.286415,122.9273753,0.022964833
95.645836,119.7937804,0.023366849,112.648254,122.4189572,0.02286433
106.39486,120.7248791,0.023316598,123.36506,122.9273753,0.022814079
105.998726,120.7248791,0.023216095,108.78748,121.9962766,0.022763828
110.75158,119.7937804,0.023115593,109.61988,121.650596,0.022713577
101.36086,118.8626817,0.022964839,109.715065,120.1340792,0.022663325
121.823204,118.8626817,0.022864336,105.81752,120.1340792,0.022562823
120.20604,119.7937804,0.022814085,121.499596,120.1340792,0.022512572
105.5005,119.7937804,0.022763834,104.54839,120.1340792,0.022412069
121.76302,118.8626817,0.022763834,119.95906,119.2029805,0.022361818
97.401634,116.0693856,0.022713582,107.15032,118.2718818,0.022311566
102.85099,114.7915141,0.02261308,107.553116,118.2718818,0.022261315
108.045166,117.0004843,0.022512577,104.00759,117.3407831,0.022160813
118.98098,117.0004843,0.022462326,119.68179,117.3407831,0.022110561
104.46841,116.8421156,0.022412075,102.70283,117.3407831,0.022010059
105.29521,113.2760896,0.022361824,118.1476,116.4096844,0.021959808
105.40298,114.7951548,0.022311572,105.32327,116.4096844,0.021909556
105.12909,114.2071883,0.022261321,105.71733,115.4785857,0.021859305
101.24934,113.6792926,0.022160819,121.483894,115.4785857,0.021859305
116.751434,113.2760896,0.022110567,98.168724,115.4785857,0.021758803
100.023735,113.05765,0.022010065,116.30685,115.4785857,0.021708551
115.216286,112.6844824,0.021959814,104.35667,115.4785857,0.0216583
102.68256,112.3449909,0.021909562,101.154724,114.5474871,0.021557798
103.01737,112.3449909,0.021859311,117.07414,113.6163884,0.021507546
103.113945,111.4138922,0.02180906,103.263115,113.6163884,0.021457295
99.20332,112.3449909,0.021708557,103.76908,113.6163884,0.021407044
114.78714,112.3449909,0.021658306,100.21593,112.6852897,0.021306541
101.29795,112.3449909,0.021608055,116.01799,112.6852897,0.02125629
99.738846,112.3449909,0.021529706,102.21551,111.754191,0.021206039
103.00291,110.4827935,0.021457301,99.22565,111.754191,0.021105536
108.03715,110.4827935,0.02140705,115.21516,111.754191,0.021055285
100.67006,112.3449909,0.021356799,101.37215,110.8230923,0.021005034
100.875465,110.4827935,0.021306547,98.36918,110.8230923,0.020904531
97.10531,109.5516948,0.021206045,114.38461,110.8230923,0.02085428
112.72848,110.4827935,0.021155794,100.531975,109.8919936,0.020804029
99.2119,108.6205961,0.021105542,97.51354,109.8919936,0.020703526
99.64672,108.0180669,0.021055291,113.55373,109.8919936,0.020653275
96.06746,107.6894974,0.020954789,99.68972,108.9608949,0.020603024
111.688934,106.2450657,0.020904537,96.657486,108.9608949,0.020502521
98.16786,106.7583987,0.020854286,112.721924,108.0297962,0.02045227
98.5978,105.8273,0.020804035,98.84831,108.0297962,0.020402019
95.00347,106.7583987,0.020703532,95.80046,108.0297962,0.020301516
110.65879,105.7790612,0.020653281,111.88946,107.0986975,0.020251265
97.12257,105.8273,0.02060303,98.005974,107.0986975,0.020201014
97.547775,104.8962013,0.020552778,98.48589,107.0986975,0.020150762
93.938835,104.8962013,0.020452276,94.821075,106.1675988,0.02005026
109.626945,104.8962013,0.020402025,110.75759,105.2365001,0.020000009
96.07664,104.8962013,0.020351773,96.87028,105.2365001,0.019949757
96.497635,104.8962013,0.020301522,93.7428,105.2365001,0.019849255
92.85096,104.8962013,0.02020102,109.85996,105.2365001,0.019799004
108.54903,104.6559178,0.020150768,95.9346,104.3054014,0.019748752
94.96455,103.9651026,0.020100517,92.79348,104.3054014,0.01964825
95.35633,104.8962013,0.020050266,108.9363,104.3054014,0.019597999
91.67318,103.0340039,0.019949763,95.000565,103.3743027,0.019547747
107.4044,103.9651026,0.019899512,111.14103,103.3743027,0.019547747
93.80558,103.0340039,0.019849261,88.09316,103.3743027,0.019447245
94.19226,101.1718065,0.01979901,106.279686,102.443204,0.019396994
90.49477,102.1029052,0.019698507,94.338,102.443204,0.019346742
106.25801,101.1718065,0.019648256,90.90345,102.443204,0.01924624
92.6464,100.2407078,0.019598005,107.0784,101.5121053,0.019195989
93.02682,99.30960911,0.019547753,93.13256,101.5121053,0.019145737
89.31578,99.30960911,0.019447251,89.94623,101.5121053,0.019045235
105.1103,99.30960911,0.019397,106.15818,100.5810066,0.018994984
91.486015,97.44741172,0.019346748,92.19803,100.5810066,0.018944732
91.86169,98.37851041,0.019296497,92.624695,100.5810066,0.018894481
88.13551,98.37851041,0.019195995,88.88607,99.64990791,0.018793979
103.96154,98.37851041,0.019145743,104.97196,99.64990791,0.018743727
90.32522,97.44741172,0.019095492,91.03165,98.71880921,0.018693476
90.69476,97.44741172,0.019045241,87.808205,98.71880921,0.018592974
86.95448,97.44741172,0.018944738,104.067604,98.71880921,0.018542722
102.81137,97.44741172,0.018894487,90.07576,97.78771052,0.018492471
89.1645,97.44741172,0.018844236,86.81123,97.78771052,0.018391968
89.526054,97.44741172,0.018793984,103.083916,97.78771052,0.018341717
85.772896,96.51631302,0.018693482,89.08386,96.85661182,0.018291466
101.64659,96.51631302,0.018643231,85.80394,96.85661182,0.018190963
87.974594,96.51631302,0.018592979,102.099396,96.85661182,0.018140712
88.31606,95.58521432,0.018542728,88.09046,95.92551312,0.018090461
88.38331,96.51631302,0.018492477,86.48683,95.92551312,0.018022172
84.21816,95.58521432,0.018391974,86.97048,94.99441443,0.017939707
100.19475,95.58521432,0.018341723,97.572586,94.99441443,0.017889456
86.495964,94.39198814,0.018291472,87.119865,94.99441443,0.017839205
86.8305,94.65411563,0.018241221,83.56705,94.06331573,0.017738702
83.01845,92.86928225,0.018140718,99.87994,94.06331573,0.017688451
98.96019,90.92972084,0.018090467,85.85845,94.06331573,0.0176382
85.262344,91.86081954,0.018040216,82.526764,93.13221703,0.017537697
85.590775,91.86081954,0.017989964,98.89362,93.13221703,0.017487446
81.765526,90.92972084,0.017889462,84.86193,93.13221703,0.017437195
97.73646,89.99862215,0.017839211,81.516785,92.20111834,0.017336692
84.02958,90.92972084,0.017788959,97.90514,92.20111834,0.017286441
84.34988,90.92972084,0.017738708,83.86793,91.27001964,0.01723619
80.51139,90.92972084,0.017638206,80.50659,91.27001964,0.017135687
96.512184,89.99862215,0.017587954,103.02818,91.27001964,0.017135687
82.79504,89.99862215,0.017537703,74.6256,91.27001964,0.017085436
83.10846,89.99862215,0.017487452,81.63163,90.33892095,0.017035185
79.25621,89.99862215,0.017386949,83.99024,90.33892095,0.016984933
95.2874,89.34057292,0.017336698,79.30406,90.33892095,0.016884431
81.55908,89.99862215,0.017286447,95.696724,89.40782225,0.01683418
81.86608,89.06752345,0.017236196,81.69167,89.40782225,0.016783928
78.00038,89.06752345,0.017135693,78.32532,88.47672355,0.016683426
94.077194,89.06752345,0.017085442,94.79777,88.47672355,0.016633175
80.35562,88.13642475,0.017035191,80.756065,88.47672355,0.016582923
80.671875,88.13642475,0.016984939,77.37779,87.54562486,0.016482421
80.74944,88.13642475,0.016934688,93.8732,87.54562486,0.01643217
76.5368,86.73932163,0.016834186,79.82514,87.54562486,0.016381918
92.71391,87.20532606,0.016783934,80.184685,86.61452616,0.016331667
78.97063,85.8737548,0.016733683,76.31496,86.61452616,0.016231164
79.27667,86.27422736,0.016683432,92.68923,86.61452616,0.016180913
75.41455,85.34312866,0.016582929,78.663574,85.68342746,0.016130662
91.55479,83.48093127,0.016532678,75.2483,85.68342746,0.016030159
77.8132,83.48093127,0.016482427,91.78839,85.68342746,0.015979908
74.35085,83.48093127,0.016381924,77.72874,84.75232877,0.015929657
90.661934,83.48093127,0.016331673,74.29906,84.75232877,0.015829154
76.88535,82.54983257,0.016281422,90.86137,83.82123007,0.015778903
77.18063,82.54983257,0.01623117,76.7966,83.82123007,0.015728652
73.29623,82.54983257,0.016130668,73.35052,83.82123007,0.015628149
89.486916,82.54983257,0.016080417,89.9328,82.89013137,0.015577898
75.72971,82.54983257,0.016030165,75.86364,82.89013137,0.015527647
72.23246,82.54983257,0.015929663,76.19549,81.95903268,0.015477396
88.59144,81.61873388,0.015879412,72.28308,81.95903268,0.015376893
74.80178,81.62692536,0.01582916,88.69878,81.95903268,0.015326642
90.92208,82.5207073,0.01582916,74.60516,81.02793398,0.015276391
66.08828,81.61873388,0.015778909,71.02833,81.02793398,0.015175888
70.36487,81.61873388,0.015678407,87.60675,81.02793398,0.015125637
88.12146,81.61873388,0.015628155,73.48105,80.09683528,0.015075386
73.54934,80.68763518,0.015577904,69.889244,80.09683528,0.014974883
70.005646,79.97224557,0.015477402,86.48931,80.09683528,0.014924632
86.38119,80.43460934,0.01542715,72.35853,79.16573659,0.014874381
72.528725,78.82543779,0.015376899,88.95544,79.16573659,0.014874381
70.310165,77.89433909,0.01529408,63.402267,79.16573659,0.014824129
75.44567,77.52936296,0.015226145,67.69917,78.23463789,0.014723627
77.60962,76.96324039,0.015175894,85.781105,78.23463789,0.014673376
71.54436,77.89433909,0.015125643,70.85923,78.23463789,0.014623124
67.51883,76.48631399,0.01502514,67.317116,77.44989371,0.014522622
83.87851,76.0321417,0.014974889,83.97309,77.3035392,0.014472371
70.02185,76.0321417,0.014924638,69.83196,77.3035392,0.014422119
66.34131,75.68991969,0.014824135,66.18793,77.08018473,0.014321617
82.7716,75.101043,0.014773884,82.85002,76.3724405,0.014271365
68.90333,75.101043,0.014723633,68.7086,76.3724405,0.014221114
69.10245,75.101043,0.014673381,65.047905,75.4413418,0.014120612
65.04553,75.29399796,0.014572879,81.72876,75.4413418,0.01407036
81.35688,75.101043,0.014522628,67.584076,74.51024311,0.014020109
67.509384,74.16994431,0.014472376,67.81853,74.51024311,0.013969858
63.79395,75.101043,0.014371874,63.738426,74.51024311,0.013869355
80.26975,73.28253352,0.014321623,80.30118,73.57914441,0.013819104
66.389984,73.24521676,0.014271371,66.190155,73.57914441,0.013768853
82.65807,74.1389987,0.014271371,62.542515,73.57914441,0.01366835
57.71771,73.30710798,0.01422112,79.28898,72.64804571,0.013618099
61.616714,73.23884561,0.014120618,65.16285,72.64804571,0.013567848
79.565056,72.30774691,0.014070366,61.499866,72.64804571,0.013467345
64.90033,71.37664822,0.014020115,78.26646,71.71694702,0.013417094
61.281357,72.0902175,0.013919613,64.13715,71.71694702,0.013366843
77.841644,70.70039569,0.013869361,64.373924,71.71694702,0.013316592
63.975544,69.51445082,0.01381911,60.31317,70.78584832,0.013216089
64.169334,69.51445082,0.013768859,76.96139,70.78584832,0.013165838
60.11714,68.58335213,0.013668356,62.856956,69.85474962,0.013115587
76.54569,68.58335213,0.013618105,59.15651,69.85474962,0.013015084
62.70332,68.58335213,0.013567854,75.961815,69.85474962,0.012964833
58.964306,68.58335213,0.013467351,61.82817,68.92365093,0.012914582
75.554756,68.58335213,0.0134171,58.112236,68.92365093,0.012814079
61.68205,67.65225343,0.013366849,74.93708,68.92365093,0.012763828
61.860023,68.58335213,0.013316598,60.800953,67.99255223,0.012713577
57.786495,67.65225343,0.013216095,61.013737,67.99255223,0.012663325
74.25957,67.65225343,0.013165844,56.923054,67.06145353,0.012562823
60.40888,67.65225343,0.013115593,80.10284,67.06145353,0.012562823
56.632812,67.65225343,0.01301509,51.513134,67.06145353,0.012512572
73.26717,66.72115473,0.012964839,57.866642,67.06145353,0.01246232
59.385914,65.79005604,0.012914588,56.24757,66.13035484,0.012361818
59.54845,65.79005604,0.012864336,72.58903,66.13035484,0.012311566
55.453327,65.79005604,0.012763834,58.470997,66.13035484,0.012261315
71.969864,66.71660391,0.012713582,54.71061,65.19925614,0.012160813
73.281235,65.82282197,0.012713582,71.57694,65.19925614,0.012110561
49.23107,65.79005604,0.012663331,57.424828,65.19925614,0.01206031
56.30864,62.06566125,0.01261308,57.600563,64.26815744,0.012010059
54.497787,63.92785864,0.012512577,53.454845,64.26815744,0.011909556
70.67669,63.92785864,0.012462326,70.20533,63.33705875,0.011859305
56.804127,62.06566125,0.012412075,56.077198,63.33705875,0.011809054
52.96369,62.06566125,0.012311572,52.245632,63.33705875,0.011708551
69.65088,62.06566125,0.012261321,69.15028,62.40596005,0.0116583
55.747906,61.13456255,0.01221107,54.99554,62.40596005,0.011608049
55.871635,61.13456255,0.012160819,51.14784,62.40596005,0.011507546
51.71906,61.13456255,0.012060316,68.0713,61.47486136,0.011457295
68.288704,61.13456255,0.012010065,53.91469,61.47486136,0.011407044
54.408432,60.65399549,0.011959814,54.065903,60.97627302,0.011356793
50.513424,60.20346386,0.011859311,49.891476,60.54376266,0.01125629
67.241905,60.20346386,0.01180906,66.6959,60.54376266,0.011206039
53.33302,60.20346386,0.011758809,52.565742,59.61266396,0.011155788
53.440296,60.20346386,0.011708557,48.680866,59.61266396,0.011055285
49.26737,60.20346386,0.011608055,65.63858,59.61266396,0.011005034
65.87779,60.20346386,0.011557804,51.48275,58.68156527,0.010954783
51.99217,59.27236516,0.011507552,47.58162,58.68156527,0.01085428
48.060776,59.27236516,0.01140705,64.55755,57.75046657,0.010804029
64.828995,58.34126647,0.011356799,50.400482,57.75046657,0.010753778
50.91633,58.34126647,0.011306547,50.52581,57.75046657,0.010703526
51.006973,56.51911633,0.011256296,46.327644,56.81936787,0.010603024
46.81322,56.47906907,0.011155794,63.20304,56.81936787,0.010552773
69.75105,56.47906907,0.011155794,49.092304,56.81936787,0.010502521
41.931232,55.54797038,0.011105542,45.19327,55.88826918,0.010402019
47.728924,55.54797038,0.011055291,62.221046,55.88826918,0.010351767
46.917564,55.54797038,0.010962697,48.086243,54.95717048,0.010301516
58.2103,53.68577298,0.010904537,65.04244,54.95717048,0.010301516
51.253735,53.90694305,0.010854286,40.610542,54.95717048,0.010201014
48.660683,54.61687168,0.010804035,59.079872,54.95717048,0.010150762
44.387325,53.05047788,0.010703532,47.40753,54.02607178,0.010100511
61.15246,53.68577298,0.010653281,47.197086,54.02607178,0.01005026
47.27135,52.75467429,0.01060303,43.002625,54.02607178,0.009949757
47.351334,53.68577298,0.010552778,59.934174,53.09497309,0.009899506
43.16517,53.24070235,0.010452276,45.824917,53.09497309,0.009849255
59.894543,52.75467429,0.010402025,41.872097,52.16387439,0.009748752
46.021187,52.75467429,0.010351773,58.9495,52.16387439,0.009698501
42.03334,52.75467429,0.010251271,44.817028,52.16387439,0.00964825
58.919613,52.75467429,0.01020102,40.847996,51.23277569,0.009547747
45.019524,51.82357559,0.010150768,57.942368,51.23277569,0.009497496
45.0847,51.82357559,0.010100517,43.809875,51.23277569,0.009447245
40.87983,51.82357559,0.010000015,43.901707,50.301677,0.009396994
57.646126,51.82357559,0.009949763,39.68506,50.301677,0.009296491
43.7714,51.82357559,0.009899512,56.657356,49.3705783,0.00924624
39.74675,50.89247689,0.00979901,42.552914,49.3705783,0.009195989
56.669056,50.03692188,0.009748758,38.547005,49.3705783,0.009095486
42.769817,49.9613782,0.009698507,55.671543,48.4394796,0.009045235
42.81541,49.0302795,0.009648256,41.54542,48.4394796,0.008994984
59.716297,49.0302795,0.009648256,37.528015,48.4394796,0.008894481
35.064465,47.24180547,0.009547753,54.671356,47.50838091,0.00884423
53.363426,47.16808211,0.009497502,40.546753,47.50838091,0.008793979
41.827206,47.31643899,0.009447251,40.61359,47.50838091,0.008743727
41.55364,46.23698341,0.009397,36.37677,46.57728221,0.008643225
37.317806,46.23698341,0.009296497,53.39634,46.57728221,0.008592974
54.148155,45.97667625,0.009246246,39.300186,45.64618352,0.008542722
40.27499,46.23698341,0.009195995,35.246433,45.64618352,0.00844222
36.197678,46.23698341,0.009095492,52.418083,45.64618352,0.008391968
53.178375,45.30588471,0.009045241,38.30013,44.71508482,0.008341717
39.28091,45.30588471,0.00899499,34.229862,44.71508482,0.008241215
39.301075,45.30588471,0.008944738,51.41697,44.71508482,0.008190963
35.054893,45.30588471,0.008844236,37.300537,43.78398612,0.008140712
51.912865,44.37478602,0.008793984,37.339657,43.78398612,0.008090461
38.04215,45.30588471,0.008743733,33.07798,43.78398612,0.007989958
38.051197,45.30588471,0.008693482,50.14041,42.85288743,0.007939707
33.793377,43.44368732,0.008592979,51.830948,42.85288743,0.007939707
50.67071,44.37478602,0.008542728,27.22467,42.85288743,0.007889456
36.800404,43.66667772,0.008492477,30.920387,41.92178873,0.007788953
32.66588,42.51258863,0.008391974,49.842022,41.92178873,0.007738702
49.69968,41.58148993,0.008341723,34.955875,41.92178873,0.007688451
35.80499,41.58148993,0.008291472,30.917788,40.99069003,0.007587948
35.796543,41.58148993,0.008241221,48.16072,40.99069003,0.007537697
31.522556,39.71929254,0.008140718,34.050415,40.99069003,0.007487446
54.938374,39.71929254,0.008140718,34.06142,40.05959134,0.007437195
27.024385,39.71929254,0.008090467,29.75795,40.05959134,0.007336692
32.433872,39.71929254,0.008040216,46.852066,39.12849264,0.007286441
30.905067,39.71929254,0.007939713,32.76441,39.12849264,0.00723619
47.42531,38.78819384,0.007889462,28.586586,39.12849264,0.007135687
33.549915,38.78819384,0.007839211,45.83411,38.19739394,0.007085436
33.541557,38.78819384,0.007788959,31.72495,38.19739394,0.007035185
29.231773,37.85709514,0.007688457,27.531483,38.19739394,0.006934682
46.163513,37.85709514,0.007638206,44.793076,37.26629525,0.006884431
32.289738,37.85709514,0.007587954,30.686907,37.26629525,0.00683418
32.242527,37.85709514,0.007537703,30.660206,37.26629525,0.006783928
27.922995,37.85709514,0.007437201,26.334745,36.33519655,0.006683426
44.871548,36.92599645,0.007386949,43.4668,36.33519655,0.006633175
31.000704,37.85709514,0.007336698,29.390266,35.40409785,0.006582923
26.755249,37.85709514,0.007236196,25.16095,35.40409785,0.006482421
43.8606,36.92599645,0.007185944,42.447273,34.79137484,0.00643217
29.967508,36.32801811,0.007135693,28.350037,34.47299916,0.006381918
29.900513,35.99489775,0.007085442,24.105007,34.47299916,0.006281416
25.566536,35.99489775,0.006984939,41.404633,34.47299916,0.006231164
42.545246,34.35387043,0.006934688,27.311531,33.54190046,0.006180913
28.677885,33.20160166,0.006884437,27.256098,33.54190046,0.006130662
28.600672,33.20160166,0.006834186,22.908886,32.77517755,0.006030159
24.256458,34.13270036,0.006733683,40.077263,32.61080176,0.005979908
41.25144,33.20160166,0.006683432,26.013615,32.61080176,0.005929657
27.386824,32.27050296,0.00663318,21.736475,31.67970307,0.005829154
44.193287,32.27050296,0.00663318,39.069996,31.67970307,0.005778903
19.751175,33.20160166,0.006532678,24.995993,31.67970307,0.005728652
38.057404,31.33940427,0.006482427,20.719091,30.74860437,0.005628149
26.670727,31.33940427,0.006432175,45.103603,30.74860437,0.005628149
26.25639,30.40830557,0.006381924,16.256542,30.74860437,0.005577898
21.892954,30.40830557,0.006281422,21.692015,30.74860437,0.005527647
38.921165,30.40830557,0.00623117,24.773682,29.81750568,0.005477396
25.07234,30.40830557,0.006180919,19.48316,29.81750568,0.005376893
24.974533,30.40830557,0.006130668,36.78435,28.88640698,0.005326642
20.626295,30.40830557,0.006030165,22.748484,28.88640698,0.005276391
37.673817,30.40830557,0.005979914,18.433437,28.88640698,0.005175888
23.828512,30.40830557,0.005929663,35.80198,27.95530828,0.005125637
19.492132,29.47720688,0.00582916,21.743076,27.95530828,0.005075386
36.698547,29.47720688,0.005778909,19.220219,27.95530828,0.005000009
22.832367,29.47720688,0.005728658,22.652515,27.02420959,0.004934682
22.715296,28.54610818,0.005678407,21.428194,27.02420959,0.004869355
18.354288,28.54610818,0.005577904,20.521461,26.09311089,0.004804029
35.427547,27.61500948,0.005527653,20.30765,26.09311089,0.004738702
21.589525,28.54610818,0.005477402,19.968254,26.09311089,0.004673376
21.461216,24.82171339,0.00542715,19.637047,25.16201219,0.004608049
17.09126,25.75281209,0.005326648,19.307297,25.16201219,0.004542722
34.17888,24.82171339,0.005276397,18.977468,25.16201219,0.004477396
20.34469,25.75281209,0.005226145,18.64687,24.2309135,0.004412069
20.206165,24.82171339,0.005175894,18.316895,24.2309135,0.004346742
15.828261,23.8906147,0.005075392,17.987074,24.2309135,0.004281416
39.679047,23.8906147,0.005075392,17.655916,23.2998148,0.004216089
11.665511,23.93248228,0.00502514,17.325212,23.2998148,0.004150762
14.96246,23.8906147,0.004959814,16.994352,23.2998148,0.004085436
19.0287,23.8906147,0.004894487,16.663116,22.3687161,0.004020109
19.749277,22.959516,0.004834186,16.33253,22.3687161,0.003954783
17.61963,22.959516,0.004768859,16.001139,21.43761741,0.003889456
17.781498,22.959516,0.004703532,15.670328,21.43761741,0.003824129
18.77245,22.959516,0.004643231,15.339533,20.50651871,0.003758803
16.68504,22.959516,0.004577904,15.008199,20.50651871,0.003693476
16.81839,22.959516,0.004512577,14.677249,20.50651871,0.003628149
16.734426,22.0284173,0.004447251,14.346514,19.57542001,0.003562823
17.420206,22.0284173,0.004386949,14.015157,19.57542001,0.003497496
15.403496,22.0284173,0.004321623,13.684381,19.57542001,0.00343217
15.525923,20.65588863,0.004256296,13.353087,18.64432132,0.003366843
16.520111,21.09731861,0.004195995,33.09627,18.64432132,0.003366843
14.438595,19.79942345,0.004130668,5.728373,18.64432132,0.003301516
14.562156,20.16621991,0.004065341,9.050183,18.64432132,0.00323619
15.558519,18.59618545,0.00400504,13.033934,17.71322262,0.003170863
13.479204,18.30402252,0.003939713,11.958305,17.71322262,0.003105536
13.598889,19.23512121,0.003874387,11.683619,16.78212393,0.00304021
14.596096,17.37292382,0.003814085,11.367918,16.78212393,0.002974883
12.519869,17.37292382,0.003748758,11.035719,16.78212393,0.002909556
12.635372,16.44182512,0.003683432,10.704857,15.85102523,0.00284423
13.634059,16.44182512,0.00362313,10.373526,15.85102523,0.002778903
11.560464,15.51072643,0.003557804,10.042674,15.85102523,0.002713577
31.377262,15.51072643,0.003557804,9.718296,14.91992653,0.00264825
4.839848,15.51072643,0.003492477,9.405192,14.91992653,0.002582923
8.019119,15.51072643,0.003427588,9.092228,14.91992653,0.002517597
12.799065,15.51072643,0.003366849,8.778698,13.98882784,0.00245227
10.244406,15.51072643,0.003301522,8.465696,13.98882784,0.002386943
10.387134,15.51072643,0.003236196,8.152724,13.56996995,0.002321617
11.376544,15.51072643,0.003175894,7.8392396,13.05772914,0.00225629
9.3146,14.57962773,0.003110567,7.526109,13.05772914,0.002190963
9.433983,14.57962773,0.003045241,7.2132473,12.12663044,0.002125637
10.453836,14.57962773,0.002984939,6.899747,12.12663044,0.00206031
8.406669,14.57962773,0.002919613,6.586836,12.12663044,0.001994984
8.522072,12.71743034,0.002854286,6.273415,11.19553175,0.001929657
9.543755,11.78633164,0.002793984,5.960372,11.19553175,0.00186433
7.499009,12.22594129,0.002728658,5.647438,11.19553175,0.001799004
7.6104107,12.31513745,0.002663331,5.333949,10.26443305,0.001733677
8.633655,11.42135552,0.00260303,5.020936,10.26443305,0.00166835
6.591055,11.78633164,0.002537703,4.7080398,10.26443305,0.001603024
6.6988974,9.924134249,0.002472376,4.394585,9.333334353,0.001537697
7.7233257,9.924134249,0.002412075,4.0817227,9.333334353,0.001472371
5.683377,9.924134249,0.002346748,3.768336,8.402235657,0.001407044
5.787424,8.993035553,0.002281422,3.4553268,8.402235657,0.001341717
6.8125153,8.993035553,0.00222112,4.1057324,8.402235657,0.001280868
4.775872,8.061936856,0.002155794,2.371682,7.47113696,0.001216089
4.8755717,8.061936856,0.002090467,2.2779305,7.47113696,0.001150762
5.9022827,8.061936856,0.002030165,2.2500932,6.540038264,0.001085436
23.690777,8.061936856,0.002030165,22.196558,6.540038264,0.001085436
-2.527242,8.993035553,0.001964839,-5.257568,6.540038264,0.001020109
0.54692733,8.061936856,0.001899512,-2.1732347,6.540038264,0.000954783
5.6407313,8.061936856,0.001839211,1.8803209,5.608939567,0.000889456
2.9009445,8.061936856,0.001773884,0.7993766,5.608939567,0.000824129
3.0393956,7.867161567,0.001708557,0.5107544,5.608939567,0.000758803
4.0832605,7.829844806,0.001648256,0.18590628,4.677840871,0.000693476
2.052682,6.861429349,0.001582929,-0.15563276,4.677840871,0.000628149
2.1246552,6.199739464,0.001517603,-0.49571484,4.677840871,0.000562823
3.1291265,5.85569713,0.001457301,-0.9049631,3.746742175,0.000497119
1.0762423,5.649999862,0.001391974,-1.0541358,3.746742175,0.00043217
1.5715123,5.687316623,0.001328907,-1.5243443,2.815643478,0.000366996
1.2651726,5.268640767,0.001266346,-1.8943017,2.815643478,0.000301683
0.25150758,5.268640767,0.00120102,-2.1379523,2.815643478,0.000236692
1.3375766,3.406443374,0.001140718,-2.544232,1.884544782,0.00017156
-0.5312715,3.406443374,0.001075392,-2.8581114,1.884544782,0.000106541
-0.51116335,3.406443374,0.001010065,-3.2253115,1.884544782,4.14E-05
0.4983254,1.544245981,0.000949763,-3.546923,0.953446085,-2.37E-05
-1.5466647,3.155237861,0.000884437,-3.8664396,0.953446085,-8.87E-05
-1.499296,1.544245981,0.00081911,-4.2327337,0.022347389,-0.00015376
-0.4907938,1.36767399,0.000758809,-4.565027,0.022347389,-0.000218809
-2.533695,0.613147285,0.000693482,-4.911426,0.022347389,-0.000283911
-2.4896061,1.442307512,0.000628155,-5.2293196,0.022347389,-0.000348932
-1.4803088,0.677768993,0.000567854,-5.596463,-0.908751308,-0.000414062
-3.5203643,0.613147285,0.000502527,-5.867656,-0.908751308,-0.000478886
16.536499,0.613147285,0.000502527,-6.0547915,-1.839850004,-0.000542705
-10.151547,0.613147285,0.000439211,-6.8251967,-1.839850004,-0.000608032
-7.257849,-0.233306076,0.000375437,-7.023008,-1.839850004,-0.000673358
-3.176326,0.613147285,0.000312075,-7.298493,-2.770948701,-0.000738685
-4.3367777,0.613147285,0.000248342,-7.665576,-2.770948701,-0.000804011
-4.5273056,-0.317951412,0.000184939,-8.015404,-3.702047397,-0.000869338
-4.8495574,-0.084039031,0.000121623,-8.366205,-3.702047397,-0.000934665
-5.282885,-0.977820967,5.79E-05,-8.71699,-3.702047397,-0.000999991
-5.5043783,-0.940504206,-5.53E-06,-9.068294,-4.633146094,-0.001065318
-5.891843,-1.594912772,-6.91E-05,-9.419148,-4.633146094,-0.001130645
-6.1866975,-2.180148805,-0.000132442,-9.76983,-4.633146094,-0.001195971
-6.580683,-3.111247501,-0.000195965,-10.121044,-5.558237702,-0.001261298
-6.915999,-2.637961751,-0.000259537,10.018982,-4.652805656,-0.001261298
-7.187709,-3.606377209,-0.000322834,-17.473495,-5.56424479,-0.001326624
-7.616415,-4.042346198,-0.000386418,-14.605242,-6.424350624,-0.001391951
-7.916094,-5.90454359,-0.000449929,-9.359434,-6.495343487,-0.001452253
-8.080134,-5.90454359,-0.000512548,-12.136978,-6.495343487,-0.001517579
-9.007243,-5.90454359,-0.000577875,-12.088411,-7.426442183,-0.001582906
-7.995015,-5.90454359,-0.000638176,-12.145665,-7.426442183,-0.001648233
-9.839454,-4.973444894,-0.000703503,-12.554478,-7.426442183,-0.001713559
-9.86243,-5.729791929,-0.00076883,-12.900861,-8.357540879,-0.001778886
-8.856699,-6.835642287,-0.000829131,-13.250646,-8.357540879,-0.001844212
-10.885581,-5.90454359,-0.000894458,-13.601632,-8.357540879,-0.001909539
-10.881381,-6.835642287,-0.000959784,-13.95214,-9.288639576,-0.001974866
-9.8775425,-6.835642287,-0.001020086,-14.302448,-9.288639576,-0.002040192
8.157959,-6.835642287,-0.001020086,-14.655889,-9.288639576,-0.002105519
-18.151037,-6.835642287,-0.001085412,-15.017565,-10.21973827,-0.002170846
-14.461782,-7.766740983,-0.001145714,-15.37896,-10.21973827,-0.002236172
-11.941993,-7.766740983,-0.001211041,-15.740921,-11.15083697,-0.002301499
-12.630329,-7.927840171,-0.001276367,-15.609543,-11.15083697,-0.002364364
-11.584338,-7.766740983,-0.001336669,-16.298168,-11.15083697,-0.002427127
-13.588961,-7.766740983,-0.001401995,-17.213392,-12.08193567,-0.002492454
-13.318387,-8.69783968,-0.001465848,-17.251234,-12.08193567,-0.00255778
-13.172428,-9.008205912,-0.001527624,-17.49747,-12.08193567,-0.002623107
-14.524688,-9.628938376,-0.00159295,-17.884874,-13.01303436,-0.002688434
-13.480207,-9.628938376,-0.001653252,-18.24361,-13.01303436,-0.00275376
-15.2666445,-10.56003707,-0.001718578,-18.605078,-13.01303436,-0.002819087
-15.327453,-11.49113577,-0.001783905,-18.96626,-13.94413306,-0.002884413
-14.3294325,-12.42223447,-0.001844206,-19.327723,-13.94413306,-0.00294974
-16.35279,-13.35333316,-0.001909533,-19.688948,-14.87523175,-0.003015067
-15.310334,-12.99381803,-0.001969835,-20.049973,-14.87523175,-0.003080393
-16.99033,-13.35333316,-0.002035161,-19.539999,-14.87523175,-0.003141597
-17.07329,-13.99955024,-0.002100488,-21.085419,-15.80633045,-0.003206021
-16.073883,-13.35333316,-0.002160789,-21.405825,-15.80633045,-0.003271348
-18.091787,-13.35333316,-0.002226116,-21.466484,-15.80633045,-0.003336675
-17.28103,-13.35333316,-0.002287351,-21.822742,-16.73742915,-0.003402001
-18.506449,-13.35333316,-0.002351744,-22.190332,-16.73742915,-0.003467328
-18.886242,-14.28443186,-0.002417071,-22.55005,-16.73742915,-0.003532655
-17.87107,-14.28443186,-0.002477372,-2.289503,-16.73742915,-0.003532655
-19.820702,-15.21553056,-0.002542699,-29.788506,-17.66852784,-0.003597981
0.38206246,-15.21553056,-0.002542699,-27.096905,-17.66852784,-0.003663308
-26.307491,-14.28443186,-0.002608026,-22.972725,-17.66852784,-0.003728635
-22.833443,-15.12724456,-0.002668327,-24.041742,-18.59962654,-0.003793961
-20.252527,-15.0899278,-0.002733654,-24.214678,-18.59962654,-0.003858527
-19.907358,-16.91480843,-0.002793955,-23.918816,-19.53072524,-0.003919589
-21.530182,-16.14662925,-0.002859282,-25.537073,-19.53072524,-0.003984916
-21.609474,-16.14662925,-0.002924608,-25.57685,-19.53072524,-0.004050243
-20.61147,-16.42149905,-0.00298491,-25.698483,-20.46182393,-0.004115569
-22.61526,-18.62773878,-0.003050237,-26.101755,-20.46182393,-0.004180896
-21.594675,-18.00882664,-0.003110538,-26.454185,-21.39292263,-0.004246222
-23.24852,-19.87102404,-0.003175865,-26.810368,-21.39292263,-0.004311549
-23.343987,-19.87102404,-0.003241191,-27.166609,-21.39292263,-0.004376876
-22.341162,-19.87102404,-0.003301493,-27.130035,-22.32402133,-0.004440195
-24.335487,-19.87102404,-0.00336682,-27.555664,-22.32402133,-0.004502504
-23.317114,-20.80212273,-0.003427121,-28.641287,-22.32402133,-0.00456783
-24.964426,-19.87102404,-0.003492448,-28.685797,-23.25512002,-0.004633157
-25.06437,-21.41284338,-0.003557774,-28.891443,-23.25512002,-0.004698484
-24.06174,-21.45016015,-0.003618076,-29.278318,-23.25512002,-0.00476381
-26.05055,-20.80212273,-0.003683402,-29.632107,-24.18621872,-0.004829137
-25.038736,-20.80212273,-0.003743704,-29.987509,-24.18621872,-0.004894464
-26.679409,-21.73322143,-0.003809031,-29.711948,-24.18621872,-0.004956675
-26.783611,-21.73322143,-0.003874357,-30.722218,-25.11731742,-0.005020092
-25.781387,-21.73322143,-0.003934659,-29.054905,-25.11731742,-0.005075368
-27.764784,-23.59541882,-0.003999985,-35.151943,-26.04841611,-0.005175871
-26.759014,-22.66432013,-0.004060287,-17.967066,-26.04841611,-0.005226122
-8.183257,-22.66432013,-0.004060287,-31.731857,-26.04841611,-0.005276373
-34.563,-22.66432013,-0.004125613,-32.293777,-26.04841611,-0.005326624
-32.027107,-23.5053125,-0.00419094,-36.849846,-26.97951481,-0.005427127
-26.873943,-23.59541882,-0.004251242,-19.417267,-26.97951481,-0.005477378
-29.525444,-24.52651752,-0.004316568,-33.09061,-27.91061351,-0.005527629
-28.491884,-24.52651752,-0.00437687,-38.145134,-27.91061351,-0.005628132
-30.105236,-24.52651752,-0.004442196,-20.50151,-27.91061351,-0.005678383
-30.219357,-25.45761622,-0.004507523,-34.19032,-28.8417122,-0.005728635
-29.217587,-26.7027218,-0.004567825,-34.78782,-28.8417122,-0.005778886
-31.190311,-26.38871491,-0.004633151,-16.80096,-28.8417122,-0.005778886
-30.197594,-28.25091231,-0.004693453,-43.053757,-29.7728109,-0.005879388
-31.824415,-28.25091231,-0.004758779,-24.430954,-29.7728109,-0.00592964
-31.466108,-28.25091231,-0.004821606,-35.23456,-29.7728109,-0.005979891
-31.854887,-28.25091231,-0.004884407,-40.62961,-30.595782,-0.006080393
-32.79417,-29.182011,-0.004949734,-23.001223,-30.70390959,-0.006130645
-31.788605,-28.25091231,-0.005010036,-36.660713,-30.70390959,-0.006180896
-33.58409,-28.86345329,-0.005075362,-37.27802,-31.63500829,-0.006231147
-29.404545,-28.25091231,-0.005125613,-41.8307,-31.63500829,-0.00633165
-34.755287,-29.182011,-0.005189029,-24.40097,-31.63500829,-0.006381901
-36.964626,-29.182011,-0.005276367,-38.033672,-32.56610699,-0.006432152
-23.653711,-29.182011,-0.005326619,-43.130455,-32.56610699,-0.006532655
-34.147594,-29.182011,-0.00537687,-25.48344,-33.49720568,-0.006582906
-39.467148,-30.1131097,-0.005477372,-39.131287,-33.49720568,-0.006633157
-21.931541,-30.1131097,-0.005527624,-39.766186,-33.49720568,-0.006683408
-35.473995,-30.1131097,-0.005577875,-44.317055,-34.42830438,-0.006783911
-18.67318,-30.1131097,-0.005577875,-26.89014,-34.42830438,-0.006834162
-43.109688,-30.1131097,-0.005628126,-40.480576,-34.42830438,-0.006884413
-42.154015,-31.04420839,-0.005728629,-41.08939,-35.35940308,-0.006934665
-22.67562,-30.24235311,-0.00577888,-45.56868,-35.35940308,-0.007035167
-36.906178,-31.97530709,-0.005829131,-28.108084,-35.35940308,-0.007085418
-37.490482,-32.90640579,-0.005879382,-41.67251,-36.29050177,-0.00713567
-42.04935,-33.83750448,-0.005979885,-46.728714,-36.29050177,-0.007236172
-24.702051,-33.83750448,-0.006030136,-29.046038,-37.22160047,-0.007286423
-38.20652,-35.0844304,-0.006080387,-42.6256,-37.22160047,-0.007336675
-38.85377,-33.83750448,-0.006130639,-43.25271,-37.22160047,-0.007386926
-43.425507,-34.76860318,-0.006231141,-47.728878,-38.15269917,-0.007487428
-26.04187,-35.27192437,-0.006281392,-30.273005,-38.15269917,-0.00753768
-39.499855,-35.69970188,-0.006331644,-43.815083,-38.15269917,-0.007587931
-40.12132,-35.69970188,-0.006381895,-48.891453,-39.08379786,-0.007688434
-44.62149,-35.69970188,-0.006482397,-31.209257,-39.08379786,-0.007738685
-27.238668,-36.63080057,-0.006532649,-44.767567,-39.08379786,-0.007788936
-40.685715,-36.63080057,-0.0065829,-45.41304,-40.01489656,-0.007839187
-41.3175,-36.63080057,-0.006633151,-49.886597,-40.01489656,-0.00793969
-45.816658,-36.63080057,-0.006733654,-32.434666,-40.01489656,-0.007989941
-28.434242,-37.35711217,-0.006783905,-45.956104,-40.94599526,-0.008040192
-41.87146,-36.63080057,-0.006834156,-51.051292,-40.94599526,-0.008140695
-42.512814,-36.63080057,-0.006884407,-25.318493,-40.94599526,-0.008140695
-47.010784,-36.63080057,-0.00698491,-54.393845,-40.99569026,-0.008190946
-29.629667,-37.56189927,-0.007035161,-50.203392,-41.87709395,-0.008241197
-43.056194,-38.47479467,-0.007085412,-46.623013,-41.87709395,-0.008291449
-26.326536,-37.58101273,-0.007085412,-52.11561,-42.80819265,-0.008391951
-51.48508,-37.56189927,-0.007185915,-34.59818,-42.80819265,-0.008442202
-33.062054,-40.35519536,-0.007236166,-48.080357,-42.80819265,-0.008492454
-43.700546,-39.42409666,-0.007286418,-52.025925,-43.73929134,-0.008581963
-44.653515,-41.28629406,-0.007336669,-43.01717,-43.73929134,-0.008643207
-49.163467,-40.56089263,-0.007437171,-45.53575,-43.73929134,-0.008693459
-31.779924,-41.97437872,-0.007487423,-49.296814,-44.67039004,-0.00874371
-45.186554,-41.28629406,-0.007537674,-54.184223,-44.67039004,-0.008844212
-45.855354,-42.21739275,-0.007587925,-36.637253,-45.60148874,-0.008894464
-50.349445,-42.21739275,-0.007688428,-50.109913,-45.60148874,-0.008944715
-32.973602,-43.14849145,-0.007738679,-50.789764,-45.60148874,-0.008994966
-46.36936,-44.07959015,-0.00778893,-55.232674,-46.53258743,-0.009095469
-47.036007,-43.14849145,-0.007839181,-37.783566,-46.53258743,-0.00914572
-51.50473,-43.14849145,-0.007939684,-51.237835,-46.53258743,-0.009195971
-34.11898,-44.07959015,-0.007989935,-56.35485,-47.46368613,-0.009296474
-47.492622,-45.01068884,-0.008040186,-38.668873,-47.46368613,-0.009346725
-48.168625,-44.07959015,-0.008090438,-52.137947,-47.46368613,-0.009396976
-52.635323,-44.73308855,-0.00819094,-52.834766,-48.39478483,-0.009447227
-35.25234,-45.01068884,-0.008241191,-57.27231,-48.39478483,-0.00954773
-48.61488,-44.07959015,-0.008291443,-39.830288,-48.39478483,-0.009597981
-49.299873,-44.07959015,-0.008341694,-53.262623,-49.32588352,-0.009648233
-53.76506,-45.01068884,-0.008442196,-53.96756,-49.32588352,-0.009698484
-36.38541,-45.85077105,-0.008492448,-58.40424,-50.25698222,-0.009798986
-49.735283,-46.87288623,-0.008542699,-40.966824,-50.25698222,-0.009849238
-50.430805,-45.94178754,-0.00859295,-54.385784,-50.25698222,-0.009899489
-32.738132,-45.94178754,-0.00859295,-59.52959,-51.18808092,-0.009999991
-58.47552,-46.87288623,-0.008693453,-41.85656,-51.18808092,-0.010050243
-39.99737,-47.80398493,-0.008743704,-55.308254,-51.18808092,-0.010100494
-50.557987,-48.73508363,-0.008793955,-56.04815,-52.11917961,-0.010150745
-51.55049,-48.73508363,-0.008844206,-60.513645,-52.11917961,-0.010251248
-56.027546,-48.73508363,-0.008944709,-43.10004,-52.11917961,-0.010301499
-38.64696,-49.66618232,-0.00899496,-56.51539,-53.05027831,-0.01035175
-51.975433,-49.01723475,-0.009045211,-39.682907,-53.05027831,-0.01035175
-52.689774,-49.66618232,-0.009095463,-65.18441,-53.05027831,-0.010452253
-57.148422,-50.59728102,-0.009195965,-46.673027,-53.98137701,-0.010502504
-39.777958,-51.52837972,-0.009246217,-57.17279,-53.98137701,-0.010552755
-53.094166,-50.59728102,-0.009296468,-58.224792,-53.98137701,-0.010603006
-53.81714,-51.52837972,-0.009346719,-62.70374,-53.98137701,-0.010703509
-58.30799,-51.52837972,-0.009447222,-45.29261,-54.9124757,-0.01075376
-40.957397,-51.52837972,-0.009497473,-58.6848,-54.9124757,-0.010804011
-54.27966,-51.52837972,-0.009547724,-59.450603,-55.8435744,-0.010854263
-59.49476,-51.84147644,-0.009648227,-63.909615,-55.8435744,-0.010954765
-41.9026,-51.52837972,-0.009698478,-46.510105,-55.8435744,-0.011005016
-55.240734,-52.22101521,-0.009748729,-59.889526,-56.7746731,-0.011055268
-55.99823,-52.45947841,-0.00979898,-65.10752,-56.7746731,-0.01115577
-60.483253,-53.39057711,-0.009899483,-47.457733,-56.7746731,-0.011206021
-43.13969,-53.39057711,-0.009949734,-60.852356,-57.70577179,-0.011256273
-56.44102,-54.32167581,-0.009999985,-61.63475,-57.70577179,-0.011306524
-57.20703,-54.32167581,-0.010050237,-66.08812,-58.63687049,-0.011407026
-61.69052,-54.32167581,-0.010150739,-48.698532,-58.63687049,-0.011457278
-36.53479,-54.32167581,-0.010150739,-62.05414,-58.63687049,-0.011507529
-64.8385,-55.19270362,-0.01020099,-62.845516,-59.56796918,-0.01155778
-61.054497,-56.1838732,-0.010251242,-67.31825,-59.56796918,-0.011658283
-57.464138,-55.2527745,-0.010301493,-49.95918,-59.56796918,-0.011708534
-62.967205,-56.1838732,-0.010401995,-63.328854,-59.56796918,-0.011758785
-45.56629,-57.83673266,-0.010452247,-68.62318,-60.49906788,-0.011859288
-58.83625,-56.1838732,-0.010502498,-51.00868,-60.49906788,-0.011909539
-59.623062,-57.39894335,-0.010552749,-64.39378,-61.43016658,-0.01195979
-64.10182,-58.65588108,-0.010653252,-65.228,-61.43016658,-0.012010042
-46.77079,-58.04607059,-0.010703503,-69.72569,-61.43016658,-0.012110544
-60.036774,-58.97716929,-0.010753754,-52.37664,-62.36126527,-0.012160795
-60.829624,-58.97716929,-0.010804005,-65.7241,-62.36126527,-0.012211047
-65.30568,-58.97716929,-0.010904508,-66.565475,-62.36126527,-0.012261298
-48.005253,-59.90826799,-0.010954759,-71.06195,-63.29236397,-0.0123618
-61.285347,-58.97716929,-0.01100501,-53.718956,-63.29236397,-0.012412052
-62.112675,-59.32576245,-0.011055262,-67.05261,-64.22346267,-0.012462303
-66.63779,-58.97716929,-0.011155764,-72.36935,-64.22346267,-0.012562805
-49.34292,-59.90826799,-0.011206016,-54.76728,-64.22346267,-0.012613057
-62.6102,-59.90826799,-0.011256267,-52.64144,-64.22346267,-0.012613057
-63.446377,-60.83936668,-0.011306518,-76.038506,-65.15456136,-0.012663308
-67.96923,-60.83936668,-0.011407021,-71.52701,-65.15456136,-0.012713559
-50.678123,-62.70156407,-0.011457272,-73.12599,-65.15456136,-0.012814062
-63.934834,-61.77046538,-0.011507523,-56.137707,-66.08566006,-0.012864313
-64.77934,-61.77046538,-0.011557774,-69.4541,-66.08566006,-0.012914564
-69.299286,-62.70156407,-0.011658277,-70.30925,-67.01675876,-0.012964815
-44.076218,-62.70156407,-0.011658277,-74.797066,-67.01675876,-0.013065318
-72.421745,-62.63967286,-0.011708528,-57.47124,-67.01675876,-0.013115569
-68.72844,-63.63266277,-0.011758779,-70.76822,-67.94785745,-0.01316582
-65.15672,-64.56376147,-0.011809031,-76.11186,-67.94785745,-0.013266323
-70.69612,-65.49486016,-0.011909533,-58.525085,-67.94785745,-0.013316574
-53.352535,-65.28370191,-0.011959784,-71.84076,-68.87895615,-0.013366825
-66.5776,-65.49486016,-0.012010036,-72.72872,-68.87895615,-0.013417077
-67.44202,-66.42595886,-0.012060287,-77.21762,-68.87895615,-0.013517579
-71.95594,-66.42595886,-0.012160789,-59.907578,-69.81005485,-0.01356783
-54.68184,-65.85528547,-0.012211041,-73.18455,-69.81005485,-0.013618082
-67.90075,-66.42595886,-0.012261292,-74.079796,-69.81005485,-0.013668333
-71.148285,-66.42595886,-0.012338314,-78.567345,-70.74115354,-0.013768836
-69.840004,-66.42595886,-0.012412046,-61.263428,-70.74115354,-0.013819087
-62.47257,-66.84736521,-0.012462297,-74.52706,-70.74115354,-0.013869338
-69.06596,-67.35705756,-0.012512548,-79.89554,-71.67225224,-0.013969841
-74.50791,-67.35705756,-0.012613051,-62.322037,-71.67225224,-0.014020092
-57.081394,-67.97870019,-0.012663302,-75.600525,-71.67225224,-0.014070343
-70.29333,-67.35705756,-0.012713553,-76.5122,-72.60335094,-0.014120594
-71.185814,-67.35705756,-0.012763804,-80.9934,-72.60335094,-0.014221097
-75.69907,-69.21925495,-0.012864307,-63.701225,-72.60335094,-0.014271348
-58.444973,-68.28815625,-0.012914558,-76.94165,-73.53444963,-0.014321599
-71.63294,-69.21925495,-0.012964809,-77.86084,-73.53444963,-0.014371851
-72.53171,-70.15035365,-0.013015061,-82.339615,-74.46554833,-0.014472353
-77.04211,-71.08145234,-0.013115563,-65.05484,-74.46554833,-0.014522604
-59.793762,-70.15035365,-0.013165814,-78.28148,-74.46554833,-0.014572856
-57.810516,-70.15035365,-0.013165814,-83.67003,-75.39664702,-0.014673358
-80.66675,-71.08145234,-0.013216066,-66.11203,-75.39664702,-0.014723609
-76.440094,-72.01255104,-0.013266317,-79.351616,-75.39664702,-0.014773861
-78.05153,-72.94364974,-0.01336682,-80.29537,-76.32774572,-0.014824112
-61.146862,-72.94364974,-0.013417071,-62.52704,-76.32774572,-0.014824112
-74.316635,-72.94364974,-0.013467322,-88.57526,-76.32774572,-0.014924614
-75.22064,-73.19394508,-0.013517573,-70.16103,-76.32774572,-0.014974866
-79.72477,-73.87474843,-0.013618076,-80.46582,-77.25884442,-0.015025117
-62.488945,-73.87474843,-0.013668327,-81.69019,-77.25884442,-0.015075368
-75.63935,-73.87474843,-0.013718578,-86.20922,-77.38990816,-0.015175871
-76.563225,-73.87474843,-0.01376883,-68.951584,-78.18994311,-0.015226122
-81.06417,-73.87474843,-0.013869332,-82.1527,-78.18994311,-0.015276373
-63.835403,-73.87474843,-0.013919583,-87.58859,-78.91297811,-0.015376876
-76.97269,-74.80584713,-0.013969835,-70.058876,-79.12104181,-0.015427127
-77.90436,-74.80584713,-0.014020086,-83.27383,-79.12104181,-0.015477378
-82.42876,-75.73694583,-0.014120588,-84.24599,-80.05214051,-0.015527629
-65.22048,-75.73694583,-0.01417084,-88.736374,-80.05214051,-0.015628132
-78.35632,-75.73694583,-0.014221091,-71.499016,-80.05214051,-0.015678383
-79.310326,-76.66804452,-0.014271342,-84.67451,-80.9832392,-0.015728635
-83.83169,-75.73694583,-0.014371845,-85.653305,-80.9832392,-0.015778886
-66.62951,-76.66804452,-0.014422096,-90.14248,-80.9832392,-0.015879388
-79.753044,-78.40918998,-0.014472347,-72.91158,-81.9143379,-0.01592964
-80.715004,-77.59914322,-0.014522598,-86.07443,-81.9143379,-0.015979891
-85.233284,-77.59914322,-0.014623101,-87.061,-81.9143379,-0.016030142
-68.03808,-79.46134061,-0.014673352,-91.54716,-82.8454366,-0.016130645
-66.075356,-79.46134061,-0.014673352,-74.32391,-82.8454366,-0.016180896
-88.81726,-79.46134061,-0.014723603,-87.472755,-82.8454366,-0.016231147
-84.6711,-80.39243931,-0.014773855,-92.93513,-83.18347184,-0.01633165
-86.30791,-81.323538,-0.014874357,-75.42816,-83.77653529,-0.016381901
-69.45036,-80.39243931,-0.014924608,-88.59457,-83.77653529,-0.016432152
-82.55393,-80.39243931,-0.01497486,-89.60318,-84.70763399,-0.016482403
-83.52122,-81.323538,-0.015025111,-94.09203,-84.70763399,-0.016582906
-88.03285,-81.323538,-0.015125613,-76.88767,-85.63873269,-0.016633157
-70.85275,-81.323538,-0.015175865,-90.01575,-85.63873269,-0.016683408
-83.935715,-81.323538,-0.015226116,-91.030846,-85.63873269,-0.01673366
-84.92164,-81.323538,-0.015276367,-95.518005,-86.56983138,-0.016834162
-89.43123,-81.323538,-0.01537687,-78.321434,-86.56983138,-0.016884413
-72.25773,-82.2546367,-0.015427121,-91.435616,-86.56983138,-0.016934665
-85.32798,-82.2546367,-0.015477372,-96.92727,-87.50093008,-0.017035167
-86.321884,-82.2546367,-0.015527624,-79.44304,-87.50093008,-0.017085418
-90.83293,-83.1857354,-0.015628126,-92.569855,-88.43202878,-0.01713567
-73.67235,-83.1857354,-0.015678377,-76.266426,-88.43202878,-0.01713567
-86.73293,-83.1857354,-0.015728629,-99.979416,-88.43202878,-0.017185921
-87.74031,-84.11683409,-0.01577888,-99.58201,-88.43202878,-0.017286423
-92.25287,-84.11683409,-0.015879382,-80.36563,-89.36312747,-0.017336675
-75.1001,-84.11683409,-0.015929634,-94.02253,-89.36312747,-0.017386926
-88.146835,-85.97903149,-0.015979885,-95.03577,-89.36312747,-0.017437177
-89.162125,-86.06094633,-0.016030136,-99.50312,-89.36312747,-0.01753768
-93.67198,-86.91013018,-0.016130639,-82.33107,-90.29422617,-0.017587931
-76.52557,-86.91013018,-0.01618089,-95.40358,-90.29422617,-0.017638182
-74.58261,-86.91013018,-0.01618089,-100.915375,-90.29422617,-0.017738685
-97.204445,-87.84122888,-0.016231141,-83.44999,-91.22532486,-0.017788936
-93.12111,-87.84122888,-0.016281392,-96.53606,-91.22532486,-0.017839187
-94.77098,-88.77232758,-0.016381895,-97.58822,-92.15642356,-0.017889439
-77.955154,-87.84122888,-0.016432146,-102.05522,-92.15642356,-0.017989941
-90.98281,-88.05784813,-0.016482397,-84.87871,-92.15642356,-0.018040192
-92.00227,-88.77232758,-0.016532649,-97.90875,-93.08752226,-0.018090444
-96.5062,-88.77232758,-0.016633151,-98.94942,-93.08752226,-0.018140695
-79.37573,-88.77232758,-0.016683402,-103.38667,-93.08752226,-0.018241197
-92.382675,-89.70342627,-0.016733654,-86.21905,-94.01862095,-0.018291449
-93.41999,-88.77232758,-0.016783905,-99.23293,-94.01862095,-0.0183417
-97.92174,-88.77232758,-0.016884407,-100.28277,-94.01862095,-0.018391951
-80.79976,-89.70342627,-0.016934659,-104.716934,-94.94971965,-0.018492454
-93.79128,-90.11937163,-0.01698491,-87.55692,-94.94971965,-0.018542705
-94.83732,-90.25589637,-0.017035161,-100.55732,-94.94971965,-0.018592956
-99.33637,-89.70342627,-0.017135664,-106.05951,-95.88081835,-0.018693459
-82.20353,-90.63452497,-0.017185915,-88.60357,-95.88081835,-0.01874371
-95.164986,-91.29894535,-0.017236166,-101.61447,-95.88081835,-0.018793961
-96.201096,-92.26736081,-0.017286418,-102.67944,-96.81191704,-0.018844212
-100.66155,-92.49672236,-0.01738692,-107.10841,-96.81191704,-0.018944715
-83.53749,-94.20419172,-0.017437171,-89.96457,-97.74301574,-0.018994966
-96.48465,-93.42782106,-0.017487423,-102.9371,-97.74301574,-0.019045217
-98.28883,-94.35891975,-0.017541996,-104.008415,-97.74301574,-0.019095469
-101.43986,-94.35891975,-0.017638176,-108.43548,-98.67411444,-0.019195971
-85.80132,-94.35891975,-0.017688428,-91.30075,-98.67411444,-0.019246222
-82.668015,-94.35891975,-0.017688428,-104.25823,-99.60521313,-0.019296474
-105.37956,-95.29001845,-0.017738679,-109.77947,-99.60521313,-0.019396976
-104.50612,-95.29001845,-0.017839181,-83.540764,-99.60521313,-0.019396976
-85.42577,-95.29001845,-0.017889433,-112.69326,-99.60521313,-0.019447227
-98.89045,-96.22111715,-0.017939684,-108.98929,-99.60521313,-0.019497479
-99.92414,-96.22111715,-0.017989935,-105.42803,-100.5363118,-0.01954773
-104.36549,-96.22111715,-0.018090438,-110.78413,-100.5363118,-0.019648233
-87.26606,-96.22111715,-0.018140689,-93.56165,-100.5363118,-0.019698484
-100.17289,-96.22111715,-0.01819094,-106.43469,-101.4674105,-0.019748735
-101.236855,-96.22111715,-0.018241191,-107.477325,-101.4674105,-0.019798986
-105.687935,-96.22111715,-0.018341694,-111.79492,-102.3985092,-0.019899489
-88.59581,-96.22111715,-0.018391945,-94.631546,-102.3985092,-0.01994974
-101.48795,-96.22111715,-0.018442196,-107.496475,-102.3985092,-0.019999991
-102.55942,-97.15221584,-0.018492448,-112.93395,-103.3296079,-0.020100494
-107.00801,-97.15221584,-0.01859295,-95.4664,-103.3296079,-0.020150745
-89.92442,-98.08331454,-0.018643201,-108.342575,-103.3296079,-0.020200996
-102.801895,-98.08331454,-0.018693453,-109.39818,-104.2607066,-0.020251248
-103.8296,-98.08331454,-0.018743704,-113.71075,-104.2607066,-0.02035175
-108.173065,-100.8766106,-0.018844206,-96.56343,-104.2607066,-0.020402001
-91.04741,-100.8766106,-0.018894458,-109.401276,-105.1918053,-0.020452253
-103.85736,-101.8077093,-0.018944709,-110.461586,-105.1918053,-0.020502504
-104.893326,-100.9922016,-0.01899496,-114.77383,-105.1918053,-0.020603006
-109.23452,-101.8077093,-0.019095463,-97.63544,-106.122904,-0.020653258
-92.116165,-102.738808,-0.019145714,-110.45776,-106.122904,-0.020703509
-104.9129,-102.738808,-0.019195965,-111.52546,-106.7017689,-0.02075376
-89.07197,-102.738808,-0.019195965,-115.83577,-107.0540027,-0.020854263
-111.98328,-102.738808,-0.019246217,-98.70629,-107.0540027,-0.020904514
-111.72244,-103.6699067,-0.019346719,-111.5132,-107.3292366,-0.020954765
-92.68539,-103.5242803,-0.01939697,-116.97629,-107.9851014,-0.021055268
-105.99589,-103.4869636,-0.019447222,-99.53872,-107.9851014,-0.021105519
-107.027626,-103.6699067,-0.019497473,-112.34149,-108.9162001,-0.02115577
-111.35216,-103.6699067,-0.019597975,-113.35136,-108.9162001,-0.021206021
-94.25391,-104.6010054,-0.019648227,-117.51158,-108.9162001,-0.021306524
-107.01916,-103.6699067,-0.019698478,-100.32564,-109.8472988,-0.021356775
-108.0771,-103.6699067,-0.019748729,-113.031815,-109.8472988,-0.021407026
-112.4113,-104.6010054,-0.019849232,-114.0472,-109.8472988,-0.021457278
-95.320786,-104.6010054,-0.019899483,-118.20678,-110.7783975,-0.02155778
-108.07084,-104.6010054,-0.019949734,-101.03041,-110.7783975,-0.021608032
-109.13605,-105.1197994,-0.019999985,-98.94581,-110.7783975,-0.021608032
-113.46814,-105.5321041,-0.020100488,-121.50659,-110.7783975,-0.021658283
-96.38659,-106.4632028,-0.020150739,-120.241035,-111.7094962,-0.021758785
-109.121445,-106.4632028,-0.02020099,-101.110886,-111.7094962,-0.021809037
-110.19426,-108.0623625,-0.020251242,-114.2976,-112.6405949,-0.021859288
-114.37912,-107.3943015,-0.020351744,-115.309715,-112.6405949,-0.021909539
-97.23483,-108.3254002,-0.020401995,-119.45421,-112.6405949,-0.022010042
-109.88158,-108.4764876,-0.020452247,-102.29518,-112.6405949,-0.022060293
-110.88926,-109.2564989,-0.020502498,-114.95606,-113.5716936,-0.022110544
-111.25439,-109.2564989,-0.020556875,-115.9926,-113.5716936,-0.022160795
-114.72477,-110.1875976,-0.020653252,-120.14754,-113.5716936,-0.022261298
-98.97493,-110.1875976,-0.020703503,-102.9966,-114.5027923,-0.022311549
-95.89498,-110.1875976,-0.020703503,-115.64154,-114.5027923,-0.0223618
-118.25125,-110.1875976,-0.020753754,-116.68563,-115.433891,-0.022412052
-114.204796,-111.0085663,-0.020804005,-120.83848,-115.433891,-0.022512554
-115.60478,-110.1875976,-0.020904508,-103.697365,-115.433891,-0.022562805
-98.77995,-110.1875976,-0.020954759,-116.32633,-116.3649897,-0.022613057
-111.400024,-111.1186963,-0.02100501,-121.6902,-116.3649897,-0.022713559
-112.4147,-111.1186963,-0.021055262,-104.16074,-116.3649897,-0.02276381
-116.592545,-111.1186963,-0.021155764,-116.67817,-117.2960884,-0.022814062
-99.47758,-111.4527268,-0.021206016,-117.614174,-117.2960884,-0.022864313
-112.074776,-112.049795,-0.021256267,-121.52031,-117.2960884,-0.022964815
-113.105225,-112.049795,-0.021306518,-104.27424,-118.2271871,-0.023015067
-117.282364,-112.049795,-0.021407021,-116.75237,-118.2271871,-0.023065318
-100.1752,-112.049795,-0.021457272,-117.69461,-118.2271871,-0.023115569
-112.75837,-112.9808937,-0.021507523,-121.600655,-119.1582858,-0.023216072
-113.79545,-112.049795,-0.021557774,-104.362305,-119.1582858,-0.023266323
-117.970856,-112.9808937,-0.021658277,-116.82599,-119.1582858,-0.023316574
-100.87297,-114.8430911,-0.021708528,-121.96653,-120.0893845,-0.023417077
-113.440735,-114.8430911,-0.021758779,-104.411316,-120.0893845,-0.023467328
-114.48389,-115.7741898,-0.021809031,-116.88239,-120.0893845,-0.023517579
-118.41665,-116.7052885,-0.021909533,-117.838646,-121.0204832,-0.02356783
-101.207214,-116.5560214,-0.021959784,-121.74228,-121.0204832,-0.023668333
-113.63806,-117.6363872,-0.022010036,-104.520035,-121.8745819,-0.023718584
-114.56724,-117.6363872,-0.022060287,-116.9554,-121.9515818,-0.023768836
-118.498215,-117.6737039,-0.022160789,-117.915825,-121.9515818,-0.023819087
-132.76712,-113.9119924,-0.022663302,-84.12031,-125.6759766,-0.023115569
